{"conf_table": {"_type": "table-file", "sha256": "64d53b227faa1d9af28f0039b25e56adeb64e665247c693173315a44082c2d85", "size": 182, "artifact_path": "wandb-client-artifact://qe4pjmar05ag2doiokfy0zpfsxlsxmz0ki90zzgcgxqz3gxebaaiv30wa734hp5amzml7b9huof28mm4j36jtbto5yne100ovxoszczaxvh17ieusqdsdga8qvuvcmi6:latest/conf_table.table.json", "_latest_artifact_path": "wandb-client-artifact://qe4pjmar05ag2doiokfy0zpfsxlsxmz0ki90zzgcgxqz3gxebaaiv30wa734hp5amzml7b9huof28mm4j36jtbto5yne100ovxoszczaxvh17ieusqdsdga8qvuvcmi6:latest/conf_table.table.json", "path": "media/table/conf_table_33_64d53b227faa1d9af28f.table.json", "ncols": 3, "nrows": 4}, "_timestamp": 1690483090.0782795, "_runtime": 112.6993556022644, "_step": 35, "examples": {"_type": "table-file", "sha256": "91f6e347e7ecd02507aaae308eae951941a1290f1e97d62b6d4de16dc22ad454", "size": 1253, "artifact_path": "wandb-client-artifact://jqg118yv94i0iq88v9jwyzoa4qy5lee3bsxt8nxs4wrgdt0ftve2sbgvei3djvuctylyt3796ohss2ikuincyvs54qhz985locojunrpnyfwlaltzmb46yoj9qk4yw31:latest/examples.table.json", "_latest_artifact_path": "wandb-client-artifact://jqg118yv94i0iq88v9jwyzoa4qy5lee3bsxt8nxs4wrgdt0ftve2sbgvei3djvuctylyt3796ohss2ikuincyvs54qhz985locojunrpnyfwlaltzmb46yoj9qk4yw31:latest/examples.table.json", "path": "media/table/examples_34_91f6e347e7ecd02507aa.table.json", "ncols": 3, "nrows": 20}, "global_step": 133, "train/loss_step": 0.6346714496612549, "train/acc_step": 0.671875, "epoch": 0, "trainer/global_step": 133, "train/loss_epoch": 0.6104810237884521, "train/acc_epoch": 0.7043620347976685, "valid/loss_step/epoch_0": 0.48507413268089294, "valid/loss_epoch": 0.617787778377533, "valid/acc": 0.6912751793861389, "valid/precision_macro": 0.34563758969306946, "valid/recall_macro": 0.5, "valid/precision_micro": 0.6912751793861389, "valid/recall_micro": 0.6912751793861389, "valid/f1": 0.6912751793861389, "_wandb": {"runtime": 111}}